{
  "name": "Nanobots",
  "version": "3.2.15",
  "factorio_version": "1.1",
  "title": "Nanobots: Early Bots",
  "author": "Nexela",
  "contact": "www.factorioforums.com",
  "homepage": "",
  "description": "Early ghost building robots, A special nanobot gun automaticly revives blueprint ghosts near you if you have the items in your inventory. Also reprograms personal construction bots to deconstruct items on ground.",
  "dependencies": [
    "base >= 1.1.0",
    "stdlib >= 1.4.6",
    "(?) PickerAtheneum >= 1.1.2"
  ],
  "license": "MIT",
  "package": {
    "ignore": [],
    "scripts": {
      "datestamp": "../PickerAtheneum/.publish/datestamp.sh",
      "prepackage": "../PickerAtheneum/.publish/prepackage.sh",
      "prepublish": "../PickerAtheneum/.publish/prepublish.sh",
      "publish": "../PickerAtheneum/.publish/publish.sh",
      "version": "../PickerAtheneum/.publish/version.sh"
    }
  }
}
